[
	{
		"id": 12345,
		"nationalid": 123456789,
		"phone": "0788888888",
		"gender": "Male"
	},
	{
		"id": 12345,
		"name": "Peter",
		"lastname": "Smith",
		"gender": "Male"
	},
	{
		"id": 12345,
		"name": "Peter",
		"lastname": "Smith",
		"bdate": "1992-10-23",
		"nationalid": 123456789,
		"phone": "0788888888",
		"gender": "Male"
	},
	{
		"id": 12345,
		"name": "Peter",
		"lastname": "Smith",
		"bdate": "1992-10-23",
		"nationalid": 123456789,
		"phone": "0788888888",
		"gender": "Male"
	},
	{
		"id": 12345,
		"name": "Peter",
		"lastname": "Smith",
		"bdate": "1992-10-23",
		"nationalid": 123456789,
		"phone": "0788888888",
		"gender": "Male"
	},
	{
		"id": 12345,
		"name": "Peter",
		"lastname": "Smith",
		"bdate": "1992-10-23",
		"nationalid": 123456789,
		"phone": "0788888888",
		"gender": "Male"
	},
	{
		"ID": 12345,
		"Name": "Peter",
		"LastName": "Smith",
		"BDate": "1992-10-23",
		"NationalID": 123456789,
		"Phone": "0788888888",
		"Gender": "Male"
	},
	{
		"id": 12345,
		"name": "Peter",
		"lastname": "Smith",
		"bdate": "1992-10-23",
		"nationalid": 123456789,
		"phone": "0788888888",
		"gender": "Male"
	},
	{
		"id": 12345,
		"name": "Peter",
		"lastname": "Smith",
		"bdate": "1992-10-23",
		"nationalid": 123456789,
		"phone": "0788888888",
		"gender": "Male"
	}
]
