<?xml version="1.0" encoding="UTF-8"?>
<CDRS>
	<CDR>
		<ID>12345</ID>
		<Name>mohammad</Name>
		<LastName>alsadi</LastName>
	</CDR>
	<CDR>
		<ID>12345</ID>
		<Name>yaman</Name>
		<LastName>Smith</LastName>
		<BDate>1992-10-23</BDate>
	</CDR>
	<CDR>
		<ID>12345</ID>
		<Name>Peter</Name>
		<LastName>Smith</LastName>
		<BDate>1992-10-23</BDate>
		<NationalID>123456789</NationalID>
		<Phone>0788888888</Phone>
		<Gender>Male</Gender>
		<Address>country, city, street...</Address>
	</CDR>
	<CDR>
		<ID>12345</ID>
		<Name>Peter</Name>
		<LastName>Smith</LastName>
		<BDate>1992-10-23</BDate>
		<NationalID>123456789</NationalID>
		<Phone>0788888888</Phone>
		<Gender>Male</Gender>
		<Address>country, city, street...</Address>
	</CDR>
	<CDR>
		<ID>12345</ID>
		<Name>Peter</Name>
		<LastName>Smith</LastName>
		<BDate>1992-10-23</BDate>
		<NationalID>123456789</NationalID>
		<Phone>0788888888</Phone>
		<Gender>Male</Gender>
		<Address>country, city, street...</Address>
	</CDR>
	<CDR>
		<ID>12345</ID>
		<Name>Peter</Name>
		<LastName>Smith</LastName>
		<BDate>1992-10-23</BDate>
		<NationalID>123456789</NationalID>
		<Phone>0788888888</Phone>
		<Gender>Male</Gender>
		<Address>country, city, street...</Address>
	</CDR>

	<CDR>
		<ID>12345</ID>
		<Name>Peter</Name>
		<LastName>Smith</LastName>
		<BDate>1992-10-23</BDate>
		<NationalID>123456789</NationalID>
		<Phone>0788888888</Phone>
		<Gender>Male</Gender>
		<Address>country, city, street...</Address>
	</CDR>
	<CDR>
		<ID>12345</ID>
		<Name>Peter</Name>
		<LastName>Smith</LastName>
		<BDate>1992-10-23</BDate>
		<NationalID>123456789</NationalID>
		<Phone>0788888888</Phone>
		<Gender>Male</Gender>
		<Address>country, city, street...</Address>
	</CDR>
</CDRS>
